Products Collection ID,Product ID,Variants Collection ID,Variant ID,Product Handle,Product Name,Product Type,Product Description,Product Categories,Main Variant Image,More Variant Images,Variant Price,Variant Compare-at Price,Product Tax Class,Variant Sku,Variant Inventory,Requires Shipping,Variant Weight,Variant Width,Variant Height,Variant Length,Variant Download Name,Variant Download URL,Option1 Name,Option1 Value,Option2 Name,Option2 Value,Option3 Name,Option3 Value,Created On,Updated On,Published On
66b07080ac7c66892578314c,6751178a67b41094b3c931e5,66b07080ac7c668925783150,6751178ae1ecdbdef6dac1b7,b70-battery-pack,B70 Battery Pack,Physical,,,https://cdn.prod.website-files.com/64952d55b431e096dc273e8a/67511781dccdf016b977170b_B70.webp,,$0.00,,books,,,true,,,,,,,,,,,,,Thu Dec 05 2024 03:01:30 GMT+0000 (Coordinated Universal Time),Thu Dec 05 2024 03:01:31 GMT+0000 (Coordinated Universal Time),
66b07080ac7c66892578314c,67511148353880729e7512af,66b07080ac7c668925783150,675111482e539598f416ee04,p090d-to-dc7909---external-battery-connection-cable,P090D to DC7909 - External Battery Connection Cable,Physical,"P090D To DC7909
Application: EB150/AC180 to connected B230/B300, Length: 59in/150cm.
P090D To XT90
Application: AC200P/EB200P to connected B230/B300, Length: 59in/150cm.
P090D To MC4
Application: EP500Pro to connected B230/B300, Length: 59in/150cm.
P090D To XT60
Application: AC70 to connected B230/B300
P090D To P150D
Application: AC500 to connected B300, Length: 31in/80cm.
P090D To Aviation
Application: AC200L to connected B210, Length: 31in/80cm.
Note: To enable the standalone power output at the P090D port (power bank mode) of B230/B300, press and hold the power button for about 10 seconds till the indicator flashes.",,https://cdn.prod.website-files.com/64952d55b431e096dc273e8a/675113053af2aafe4458cc3f_P090D%20to%20DC7909%20Cable%20for%20AC500%20%2B%20B300K%20(1).png,,$104.00,$129.00,books,,,true,,,,,,,,,,,,,Thu Dec 05 2024 02:34:48 GMT+0000 (Coordinated Universal Time),Thu Dec 05 2024 02:43:16 GMT+0000 (Coordinated Universal Time),
66b07080ac7c66892578314c,67510d6a3abe02f670386cd6,66b07080ac7c668925783150,67510d6cc141a3e33fea834b,multicooler-fridge-b70-battery-pack,MultiCooler Fridge + B70 Battery Pack,Physical,"- SwapSolar - An Ecosystem MultiCooler
- Up to 3 days of cooling on a single battery.
- Versatile 3-in-1 design: fridge, freezer, and ice maker.
- Spacious 40L storage capacity.
- The first portable fridge powered by an LFP battery.
- Recharge it in four different ways.
- Ice maker produces clear, crystal cube ice.
- Rapid cooling from 86°F to 32°F in just 15 minutes.
- Whisper-quiet operation under 45dB.
- Convenient remote control via BLUETTI app.",,https://cdn.prod.website-files.com/64952d55b431e096dc273e8a/67510b1c08be10a61efacb90_F045D_B70_1x_97b4df8a-bec0-4032-bcda-82c9a746e98c.webp,https://cdn.prod.website-files.com/64952d55b431e096dc273e8a/67510cc82a7ec33f7d27a885_6-_1_PC_1x_ceb14467-3888-4412-a2dd-6a6bf9d2e944.jpg; https://cdn.prod.website-files.com/64952d55b431e096dc273e8a/67510ccc3af2aafe44544c50_7-PC_1x_3bbb5e30-a915-4603-978b-afa1223013f4.webp; https://cdn.prod.website-files.com/64952d55b431e096dc273e8a/67510ceea5c7cb7739cad629_3-_4_PC_1x_b76a87eb-3505-4c97-9a21-3dd720fb8d11.jpg; https://cdn.prod.website-files.com/64952d55b431e096dc273e8a/67510cf22c232c83baea3c79_3-_3_PC.jpg; https://cdn.prod.website-files.com/64952d55b431e096dc273e8a/67510cf43abe02f6703819f1_3-_2_PC_1x_3d18db3b-185a-4d4a-9ba4-09c06b585c29.webp; https://cdn.prod.website-files.com/64952d55b431e096dc273e8a/67510cf6043d82ac71cc8d58_3-_1_PC_1x_c647257d-bfbd-46c4-ad48-b0887fe71e24.webp; https://cdn.prod.website-files.com/64952d55b431e096dc273e8a/67510cf86883cfb67ed97909_4-PC_1x_5b5d93a5-54be-4642-82e9-aa0da8895ec1.webp; https://cdn.prod.website-files.com/64952d55b431e096dc273e8a/67510cfbea9aacd391d4a7ba_5-_1_PC_1x_299926d9-58ef-410d-8c6d-396f3f2435fe.webp,$690.00,,books,,,true,24,44,47.5,73.8,,,,,,,,,Thu Dec 05 2024 02:18:18 GMT+0000 (Coordinated Universal Time),Thu Dec 05 2024 03:01:44 GMT+0000 (Coordinated Universal Time),
66b07080ac7c66892578314c,675105b4b3387b8610b160ba,66b07080ac7c668925783150,675105b5c6e604356ed46321,b300k-expansion-battery,B300K Expansion Battery ,Physical,,,https://cdn.prod.website-files.com/64952d55b431e096dc273e8a/675111cae7ee52984d58d5fb_B300K.png,https://cdn.prod.website-files.com/64952d55b431e096dc273e8a/675111cae7ee52984d58d5fb_B300K.png,"$2,159.00","$2,699.00",books,,,true,,,,,,,,,,,,,Thu Dec 05 2024 01:45:24 GMT+0000 (Coordinated Universal Time),Thu Dec 05 2024 02:49:09 GMT+0000 (Coordinated Universal Time),
66b07080ac7c66892578314c,675105a056b9acd593071e72,66b07080ac7c668925783150,675105a13211ca4575aa7ad6,ac500-b300k-pv350w-combo,AC500 + B300K + PV350W + Cable Combo,Physical,,,https://cdn.prod.website-files.com/64952d55b431e096dc273e8a/6751144da66a9b0c12f04b5b_AC500%20%2B%20B300K%20%2B%20PV350W%20%2B%20Cable.png,,"$6,157.00","$7,657.00",books,,,true,,,,,,,,,,,,,Thu Dec 05 2024 01:45:04 GMT+0000 (Coordinated Universal Time),Thu Dec 05 2024 02:54:44 GMT+0000 (Coordinated Universal Time),
66b07080ac7c66892578314c,675102621cb1321674cd4277,66b07080ac7c668925783150,67510263b3387b8610ae829b,ac500-b300k,AC500 + B300K + Cable,Physical,,,https://cdn.prod.website-files.com/64952d55b431e096dc273e8a/675101ebbd4ff1e8770a816a_AC500%20%2B%20B300K%20.png,https://cdn.prod.website-files.com/64952d55b431e096dc273e8a/675113053af2aafe4458cc3f_P090D%20to%20DC7909%20Cable%20for%20AC500%20%2B%20B300K%20(1).png,"$5,038.00","$6,298.00",books,ac500-b300k,,true,,,,,,,,,,,,,Thu Dec 05 2024 01:31:14 GMT+0000 (Coordinated Universal Time),Thu Dec 05 2024 03:32:24 GMT+0000 (Coordinated Universal Time),
66b07080ac7c66892578314c,66f368f36d9cdf5390973fa2,66b07080ac7c668925783150,66f368f4b123ca5999129793,bluetti-b210p-expansion-battery,BLUETTI B210P Expansion Battery,Physical,"The B210P Expansion Battery is perfect for adding some extra juice to your Portable Off-Grid Solar station. Add this Expansion Battery to your AC240P Portable Inverter and power up a Caravan, Camp Site or Worker's Accommodation. The B210P also has standalone functionality as it features multiple DC ports, including a 100W USB-C, an 18W USB-A, and a 12V/10A cigarette lighter port, allowing you to charge smartphones, laptops, drones, mini-fridges, and more. The MP200W Panel can also be plugged directly into this unit. Speak to AusPac Solar before buying if you have a specific question or requirement. Call us on 1300 197 237. Warranty: 6 years.",Portable Solar;Recreation & Outdoor Living;Portable but Powerful on the Job;Build my System | Portable Solar Panels;AC180P Portable Power Station;AC240P Portable Power Station;BLUETTI MP200 Panel;batteries;all-products,https://cdn.prod.website-files.com/64952d55b431e096dc273e8a/66f3686a068fa8dd32fe32e8_B210P.jpg,https://cdn.prod.website-files.com/64952d55b431e096dc273e8a/66f3687005dd39bee16dfcb7_20.jpg; https://cdn.prod.website-files.com/64952d55b431e096dc273e8a/66f368700eafa5a23d908336_B210P%20(2).jpg; https://cdn.prod.website-files.com/64952d55b431e096dc273e8a/66f368701c43feb77184aa60_B210P%20(3).jpg,"$1,760.00","$2,199.00",standard-exempt,B0001,,true,,,,,,,,,,,,,Wed Sep 25 2024 01:35:47 GMT+0000 (Coordinated Universal Time),Wed Dec 04 2024 11:26:48 GMT+0000 (Coordinated Universal Time),Wed Dec 04 2024 11:35:31 GMT+0000 (Coordinated Universal Time)
66b07080ac7c66892578314c,66f260d16b2186f9e9447e78,66b07080ac7c668925783150,66f260d2178404ae7498582c,bluetti-aviation-plug,BLUETTI M28 Bayonet 3-Pin Male Connector for AC500,Physical,External Battery Connection Cable for the AC500.,Portable Solar Accessories;Whole Home Energy;Portable but Powerful on the Job;Build my System | Portable Solar Panels;Build My System | Portable Solar Batteries;BLUETTI AC500 Inverter Module Generator;BLUETTI PV350 Panel;BLUETTI B500;BLUETTI B300S;all-products,https://cdn.prod.website-files.com/64952d55b431e096dc273e8a/67064deb169e0a1ab98b2c19_75.jpg,https://cdn.prod.website-files.com/64952d55b431e096dc273e8a/67064df4cd5f477f5b0a55c6_76.jpg; https://cdn.prod.website-files.com/64952d55b431e096dc273e8a/67064df420cd9f77df4b09ea_77.jpg; https://cdn.prod.website-files.com/64952d55b431e096dc273e8a/67064df4f24f41e818d6db55_78.jpg,$31.00,$39.00,standard-taxable,A0001,,true,,,,,,,,,,,,,Tue Sep 24 2024 06:48:49 GMT+0000 (Coordinated Universal Time),Wed Dec 04 2024 09:36:11 GMT+0000 (Coordinated Universal Time),Wed Dec 04 2024 09:36:21 GMT+0000 (Coordinated Universal Time)
66b07080ac7c66892578314c,66f25eb9d9b9c36b0925ac6e,66b07080ac7c668925783150,66f25eba6b2186f9e942d7da,bluetti-mc4-10m-cable,BLUETTI MC4 10M Cable,Physical,Solar Extension Cable.,Portable Solar Accessories;Recreation & Outdoor Living;Whole Home Energy;Portable but Powerful on the Job;Build my System | Portable Solar Panels;Build My System | Portable Solar Batteries;AC70P Portable Power Station;AC180P Portable Power Station;BLUETTI AC500 Inverter Module Generator;AC240P Portable Power Station;BLUETTI EP760;BLUETTI MP200 Panel;BLUETTI PV350 Panel;BLUETTI B210P;BLUETTI B500;BLUETTI B300S;all-products,https://cdn.prod.website-files.com/64952d55b431e096dc273e8a/66f25dce6406db2948d524ec_ECOMM%20V4.jpg,https://cdn.prod.website-files.com/64952d55b431e096dc273e8a/66f25c122037c9dfb976ac4a_10001_1c2a1370-d6ea-4c78-9f1e-35d2cfc82270_640x.webp,$80.00,$90.00,books,A0002,,true,,,,,,,,,,,,,Tue Sep 24 2024 06:39:53 GMT+0000 (Coordinated Universal Time),Wed Dec 04 2024 11:22:17 GMT+0000 (Coordinated Universal Time),Wed Dec 04 2024 11:23:24 GMT+0000 (Coordinated Universal Time)
66b07080ac7c66892578314c,66f258a9d742a43aaabb115d,66b07080ac7c668925783150,66f258aaddb9710ee56c69f0,bluetti-folding-trolley,BLUETTI Folding Trolley,Physical,"BLUETTI foldable trolley can hold up to 330 lbs, making it easy to transport your power stations, furniture, gardening tools and more. It has 360° universal front wheels and a foot brake system, so you can move and stop it anywhere. Warranty: 1 Year.",Portable Solar Accessories;Recreation & Outdoor Living;Whole Home Energy;Portable but Powerful on the Job;Build my System | Portable Solar Panels;Build My System | Portable Solar Batteries;AC70P Portable Power Station;AC180P Portable Power Station;BLUETTI AC500 Inverter Module Generator;AC240P Portable Power Station;BLUETTI EP760;BLUETTI MP200 Panel;BLUETTI PV350 Panel;BLUETTI B210P;BLUETTI B500;BLUETTI B300S;all-products,https://cdn.prod.website-files.com/64952d55b431e096dc273e8a/66f256963b5c2bd3baa920e2_Trolley.jpg,https://cdn.prod.website-files.com/64952d55b431e096dc273e8a/66f2569fd742a43aaab8f023_13.jpg; https://cdn.prod.website-files.com/64952d55b431e096dc273e8a/66f2569f8be57dca2099a060_14.jpg; https://cdn.prod.website-files.com/64952d55b431e096dc273e8a/66f2569fdc209ebfba2aba0b_15.jpg,$399.00,$499.00,standard-exempt,A0003,,true,,,,,,,,,,,,,Tue Sep 24 2024 06:14:01 GMT+0000 (Coordinated Universal Time),Wed Dec 04 2024 07:59:29 GMT+0000 (Coordinated Universal Time),Wed Dec 04 2024 08:08:33 GMT+0000 (Coordinated Universal Time)
66b07080ac7c66892578314c,66f253c3f459b5c5372f8fdf,66b07080ac7c668925783150,66f253c4e185674bf59c80d2,bluetti-charger-1,BLUETTI Charger 1,Physical,560W Car Charger | Efficient to charge your power station on the road.,Portable Solar Accessories;Recreation & Outdoor Living;Whole Home Energy;Portable but Powerful on the Job;Build my System | Portable Solar Panels;Build My System | Portable Solar Batteries;AC70P Portable Power Station;AC180P Portable Power Station;BLUETTI AC500 Inverter Module Generator;AC240P Portable Power Station;BLUETTI EP760;BLUETTI MP200 Panel;BLUETTI PV350 Panel;BLUETTI B210P;BLUETTI B500;BLUETTI B300S;all-products,https://cdn.prod.website-files.com/64952d55b431e096dc273e8a/66f251e32502c86505f2c0bd_11.jpg,https://cdn.prod.website-files.com/64952d55b431e096dc273e8a/66f251ea88d388f24f44c747_9.jpg; https://cdn.prod.website-files.com/64952d55b431e096dc273e8a/66f251ea3b5c2bd3baa3fde5_10.jpg; https://cdn.prod.website-files.com/64952d55b431e096dc273e8a/66f251ef8d411062a8bcf762_Charger%201.jpg,$479.00,$599.00,standard-taxable,,,true,,,,,,,,,,,,,Tue Sep 24 2024 05:53:07 GMT+0000 (Coordinated Universal Time),Wed Dec 04 2024 11:22:39 GMT+0000 (Coordinated Universal Time),Wed Dec 04 2024 11:23:24 GMT+0000 (Coordinated Universal Time)
66b07080ac7c66892578314c,66de74eed8836018267880bb,66b07080ac7c668925783150,66de74f0bf85e5b5b614f89e,bluetti-ac500-b300s-pv350w,BLUETTI AC500 + B300S + PV350W,Physical,"Portable Inverter, Battery & Panel Package | Premium Range | | Minimum 1x B300S Battery Module Required | Inverter Warranty: 4 Years | Panel Warranty: 1 Year | Battery Warranty: 4 Years",Portable Solar;all-products;discontinued,https://cdn.prod.website-files.com/64952d55b431e096dc273e8a/66de74c7db004510adf42636_AC500%20%2B%20B300S%20%2B350W.jpg,https://cdn.prod.website-files.com/64952d55b431e096dc273e8a/66de74ca7f56a0408bced08f_AC500%20%2B%20B300S%20%2B350W%20(2).jpg; https://cdn.prod.website-files.com/64952d55b431e096dc273e8a/66de74ce0b9561863f8d218f_AC500%20%2B%20B300S%20%2B350W%20(3).jpg; https://cdn.prod.website-files.com/64952d55b431e096dc273e8a/66de74d15feb03b8ce909679_AC500%20%2B%20B300S%20%2B350W%20(4).jpg,"$5,600.00","$7,000.00",standard-exempt,,0,true,,,,,,,,,,,,,Mon Sep 09 2024 04:09:18 GMT+0000 (Coordinated Universal Time),Thu Dec 05 2024 01:23:52 GMT+0000 (Coordinated Universal Time),Thu Dec 05 2024 01:26:20 GMT+0000 (Coordinated Universal Time)
66b07080ac7c66892578314c,66de724eef7db9a4e7661969,66b07080ac7c668925783150,66de724fa3763daba515962f,bluetti-ac70p-mp200w,BLUETTI AC70P + MP200W,Physical,"Portable Inverter, Battery & Panel Package | Premium Range",Portable Solar;all-products,https://cdn.prod.website-files.com/64952d55b431e096dc273e8a/66de71e32b3719a1e4994540_ac70p%20%2B%20mp200w.jpg,https://cdn.prod.website-files.com/64952d55b431e096dc273e8a/66de71dc0f5c1d74ceb90056_ac70p%20%2B%20mp200w%20(2).jpg; https://cdn.prod.website-files.com/64952d55b431e096dc273e8a/66de71eae9fda0d76756ce7b_ac70p%20%2B%20mp200w%20(4).jpg; https://cdn.prod.website-files.com/64952d55b431e096dc273e8a/66de71eeebc3ddd1a669459a_ac70p%20%2B%20mp200w%20(3).jpg,"$1,440.00","$1,800.00",standard-exempt,,,true,,,,,,,,,,,,,Mon Sep 09 2024 03:58:06 GMT+0000 (Coordinated Universal Time),Wed Dec 04 2024 11:17:22 GMT+0000 (Coordinated Universal Time),Wed Dec 04 2024 11:23:24 GMT+0000 (Coordinated Universal Time)
66b07080ac7c66892578314c,66de6fa7a3763daba513b685,66b07080ac7c668925783150,66de6fa8f224eedc5aa3e683,bluetti-ac180p-pv350w,BLUETTI AC180P + PV350W,Physical,"Portable Inverter, Battery & Panel Combo | Premium Range",Portable Solar;all-products;Pre-Order Products,https://cdn.prod.website-files.com/64952d55b431e096dc273e8a/66e3d65588abf9ead83af254_ac180p%20%2B%20pv350w.png,https://cdn.prod.website-files.com/64952d55b431e096dc273e8a/66de6f755feb03b8ce8b94ce_ac180p%20%2B%20pv350w%20(3).jpg; https://cdn.prod.website-files.com/64952d55b431e096dc273e8a/66de6f79b4a64bff7a9b8f5e_ac180p%20%2B%20pv350w%20(4).jpg; https://cdn.prod.website-files.com/64952d55b431e096dc273e8a/66de6f7cf48421d2f5448699_ac180p%20%2B%20pv350w.jpg,"$2,160.00","$2,700.00",standard-exempt,,,true,,,,,,,,,,,,,Mon Sep 09 2024 03:46:47 GMT+0000 (Coordinated Universal Time),Thu Dec 05 2024 00:53:26 GMT+0000 (Coordinated Universal Time),Thu Dec 05 2024 00:54:42 GMT+0000 (Coordinated Universal Time)
66b07080ac7c66892578314c,66de6c959b602e1b2f467b4a,66b07080ac7c668925783150,66de6c97da5a09c9a1d8f4c1,bluetti-ac240p-pv350w,BLUETTI AC240P + PV350W,Physical,"Portable Inverter, Battery & Panel Combo | Premium Range",Portable Solar;all-products,https://cdn.prod.website-files.com/64952d55b431e096dc273e8a/66de6ba52b3719a1e4934654_ac240p%20%2B%20pv350w.jpg,https://cdn.prod.website-files.com/64952d55b431e096dc273e8a/66de6ba9396af3b5cc6c91eb_ac240p%20%2B%20pv350w%20(3).jpg; https://cdn.prod.website-files.com/64952d55b431e096dc273e8a/66de6bad5feb03b8ce87f707_ac240p%20%2B%20pv350w%20(4).jpg; https://cdn.prod.website-files.com/64952d55b431e096dc273e8a/66de6bb1228cfcb30512c020_ac240p%20%2B%20pv350w%20(2).jpg,"$3,200.00","$4,000.00",standard-exempt,,,true,,,,,,,,,,,,,Mon Sep 09 2024 03:33:41 GMT+0000 (Coordinated Universal Time),Wed Dec 04 2024 08:33:10 GMT+0000 (Coordinated Universal Time),Wed Dec 04 2024 08:35:42 GMT+0000 (Coordinated Universal Time)
66b07080ac7c66892578314c,66de686e32194f6e0e48b5f0,66b07080ac7c668925783150,66de686fb4a64bff7a95b9be,bluetti-ep760-b500,BLUETTI EP760 + B500,Physical,"Capable of powering devices up to 7,600W, covering over 95% of typical household energy needs | Each battery pack has a capacity of 4.96kWh. Tailor 1 to 4 battery packs for a flexible capacity of 4.96kWh to 19.84kWh.",Build My System | Portable Solar Batteries;BLUETTI B500,https://cdn.prod.website-files.com/64952d55b431e096dc273e8a/66de6846e9fda0d7674ebda8_ep760%20%2B%20b500.jpg,https://cdn.prod.website-files.com/64952d55b431e096dc273e8a/66de68522c177583f80388f7_ep760%20%2B%20b500%20(2).jpg; https://cdn.prod.website-files.com/64952d55b431e096dc273e8a/66de6852bf85e5b5b60a6d93_ep760%20%2B%20b500%20(3).jpg; https://cdn.prod.website-files.com/64952d55b431e096dc273e8a/66de6852b4a64bff7a959bd6_ep760%20%2B%20b500%20(4).jpg,"$6,649.00",,standard-exempt,,,true,,,,,,,,,,,,,Mon Sep 09 2024 03:15:58 GMT+0000 (Coordinated Universal Time),Thu Nov 21 2024 08:19:09 GMT+0000 (Coordinated Universal Time),
66b07080ac7c66892578314c,66de6612a3763daba50ad8b5,66b07080ac7c668925783150,66de66138f9ffa7a4bcd207a,bluetti-ac500-b300s,BLUETTI AC500 + B300s,Physical,"Solar Generator Kits | AC500 & B300S, the expandable power system, will definitely shift the way you harness the solar energy. It's designed to help you go through power outages, and stay connected to unlimited energy wherever you are heading. | Warranty: 4 Years",Portable Solar;Build my System | Portable Solar Panels;Build My System | Portable Solar Batteries;BLUETTI PV350 Panel;inverters;all-products;discontinued,https://cdn.prod.website-files.com/64952d55b431e096dc273e8a/66de5a1da3763daba5002d6d_Bluetti%20AC500%20%2B%20B300s.jpg,https://cdn.prod.website-files.com/64952d55b431e096dc273e8a/66de5a26db004510addd5862_Bluetti%20AC500%20%2B%20B300s%20(2).jpg; https://cdn.prod.website-files.com/64952d55b431e096dc273e8a/66de5a26396af3b5cc5dc22d_Bluetti%20AC500%20%2B%20B300s%20(3).jpg; https://cdn.prod.website-files.com/64952d55b431e096dc273e8a/66de5a268945e61eaf05cca3_Bluetti%20AC500%20%2B%20B300s%20(4).jpg,"$4,720.00","$5,900.00",standard-exempt,,0,true,,,,,,,,,,,,,Mon Sep 09 2024 03:05:54 GMT+0000 (Coordinated Universal Time),Thu Dec 05 2024 01:23:52 GMT+0000 (Coordinated Universal Time),Thu Dec 05 2024 01:26:20 GMT+0000 (Coordinated Universal Time)
66b07080ac7c66892578314c,66d5533ce640fe3d49b78768,66b07080ac7c668925783150,66d5533d80378e00e01fdc48,bluetti-pv350-solar-panel,BLUETTI PV350 Solar Panel,Physical,"350W | Off-Grid Power Supply. By generating renewable electricity from the sun's energy, BLUETTI PV350 solar panel is a reliable and budget-friendly power supplier to juice up your laptop, drone, fridge, electric drill, and other devices whether you're at home or on the go.",Portable Solar;Recreation & Outdoor Living;Whole Home Energy;Portable but Powerful on the Job;Build My System | Portable Solar Batteries;AC180P Portable Power Station;AC240P Portable Power Station;BLUETTI AC500 Inverter Module Generator;BLUETTI EP760;BLUETTI B210P;BLUETTI B300S;panels;all-products,https://cdn.prod.website-files.com/64952d55b431e096dc273e8a/66e3d5803a1a6d346942ab1e_58.jpg,https://cdn.prod.website-files.com/64952d55b431e096dc273e8a/66e3d59348d74289f5adde1a_59.jpg; https://cdn.prod.website-files.com/64952d55b431e096dc273e8a/66e3d597485addcc28eb8f30_61.jpg; https://cdn.prod.website-files.com/64952d55b431e096dc273e8a/66e3d59adbbda3a5a21ac91a_60.jpg,$880.00,"$1,099.00",standard-exempt,PV350,,true,13900,,61.21,90.42,,,,,,,,,Mon Sep 02 2024 05:55:07 GMT+0000 (Coordinated Universal Time),Wed Dec 04 2024 12:46:24 GMT+0000 (Coordinated Universal Time),Wed Dec 04 2024 12:48:44 GMT+0000 (Coordinated Universal Time)
66b07080ac7c66892578314c,66d552efb9ecb2670ba6ad84,66b07080ac7c668925783150,66d552f0538596c067c511be,bluetti-mp200-solar-panel,BLUETTI MP200 Solar Panel,Physical,"200W | Unleash the power of the sun anywhere you go. Designed with easy portability in mind, this sleek and foldable solar panel lets you tap into the sun's energy wherever you roam. Whether you're hiking through the wilderness, camping under the stars, or exploring off-the-grid destinations, the MP200 ensures a constant stream of power always on call.",Portable Solar;Recreation & Outdoor Living;Portable but Powerful on the Job;Build My System | Portable Solar Batteries;AC70P Portable Power Station;AC180P Portable Power Station;BLUETTI B210P;panels;all-products,https://cdn.prod.website-files.com/64952d55b431e096dc273e8a/66d5528d7fa0a00da7ac3663_MP200.jpg,https://cdn.prod.website-files.com/64952d55b431e096dc273e8a/66d55297ced7da4338b706ec_MP200%201.jpg; https://cdn.prod.website-files.com/64952d55b431e096dc273e8a/66d552a4577ae74ebf8569aa_MP200%202.jpg; https://cdn.prod.website-files.com/64952d55b431e096dc273e8a/66d552a56d13e05f2c7fc453_MP200%203.jpg,$600.00,$749.00,standard-exempt,,,true,8700,,68.07,218.69,,,,,,,,,Mon Sep 02 2024 05:53:51 GMT+0000 (Coordinated Universal Time),Wed Dec 04 2024 11:21:33 GMT+0000 (Coordinated Universal Time),Wed Dec 04 2024 11:23:24 GMT+0000 (Coordinated Universal Time)
66b07080ac7c66892578314c,66d5525662fe7bca7fdb5eb7,66b07080ac7c668925783150,66d55259577ae74ebf85182f,bluetti-ac70p-portable-power-station,BLUETTI AC70P Portable Power Station,Physical,"1,000W | 864 Wh | Elevate your on-the-go power solutions with the BLUETTI AC70P Power Station! Boasting a robust 864Wh capacity and 1,000W continuous power, it effortlessly energizes your essential devices during outdoor adventures, RV escapades, or cozy moments at home. The lightweight and portable design ensures non-stop power is always at your service whenever you need.",Portable Solar;Build my System | Portable Solar Panels;BLUETTI MP200 Panel;inverters;all-products,https://cdn.prod.website-files.com/64952d55b431e096dc273e8a/66d551e76ba55ca6ea262202_25.jpg,https://cdn.prod.website-files.com/64952d55b431e096dc273e8a/66d551ef0d6ef268b6835f01_26.jpg; https://cdn.prod.website-files.com/64952d55b431e096dc273e8a/673eeca7ff70105953149329_1.png; https://cdn.prod.website-files.com/64952d55b431e096dc273e8a/673eeca7f66c0f4f497d8dec_2.png; https://cdn.prod.website-files.com/64952d55b431e096dc273e8a/673eeca762abf0f4b423f46e_3.png,$920.00,"$1,149.00",standard-exempt,,,true,10200,20.82,25.65,31.49,,,,,,,,,Mon Sep 02 2024 05:51:18 GMT+0000 (Coordinated Universal Time),Wed Dec 04 2024 08:08:40 GMT+0000 (Coordinated Universal Time),Wed Dec 04 2024 08:12:43 GMT+0000 (Coordinated Universal Time)
66b07080ac7c66892578314c,66d55067d733feb06878fd0c,66b07080ac7c668925783150,66d55068b9ecb2670ba46a86,bluetti-ac180p-solar-portable-power-station,BLUETTI AC180P Solar Portable Power Station,Physical,"1,800W | 1,440Wh | Designed for both indoor and outdoor scenarios, AC180P is highly capable as it has a robust capacity and continuous output power. Thanks to its super-fast charging speed and portable design, it's a grab-and-go power station for numerous applications.",Portable Solar;Build my System | Portable Solar Panels;BLUETTI B210P;inverters;all-products;Pre-Order Products,https://cdn.prod.website-files.com/64952d55b431e096dc273e8a/66d5502ed1107144b4da0d0b_AC180%20P.jpg,https://cdn.prod.website-files.com/64952d55b431e096dc273e8a/66d55038b07c68764a4eb194_AC180%20P%202.jpg; https://cdn.prod.website-files.com/64952d55b431e096dc273e8a/66d5503823e97e8673cb6d0c_AC180%20P%203.jpg; https://cdn.prod.website-files.com/64952d55b431e096dc273e8a/66d55038af111b4e02e4bb88_AC180%20P%204.jpg,"$1,359.00","$1,699.00",standard-exempt,,,true,16000,34.01,24.68,31.69,,,,,,,,,Mon Sep 02 2024 05:43:03 GMT+0000 (Coordinated Universal Time),Thu Dec 05 2024 00:53:26 GMT+0000 (Coordinated Universal Time),Thu Dec 05 2024 00:54:42 GMT+0000 (Coordinated Universal Time)
66b07080ac7c66892578314c,66d54fec80378e00e01c5f01,66b07080ac7c668925783150,66d54fed80378e00e01c6d4a,bluetti-ac240p-portable-power-station,BLUETTI AC240P Portable Power Station,Physical,"BLUETTI AC240P Portable Power Station | 2,400W 1,843Wh | The outdoor-friendly build and IP65 water and dust-resistance ensure resilience against rain, mud, dust, and salt corrosion. Coupled with optimal ventilation to protect the internal components, the AC240P is your go-anywhere, do-anything power",Portable Solar;Build my System | Portable Solar Panels;Build My System | Portable Solar Batteries;BLUETTI MP200 Panel;BLUETTI PV350 Panel;BLUETTI B210P;inverters;all-products,https://cdn.prod.website-files.com/64952d55b431e096dc273e8a/66e11d36b0980f46c803c7f6_bLUETTI%20ac240.jpg,https://cdn.prod.website-files.com/64952d55b431e096dc273e8a/66e11d44342cb102e7be4d8e_BLUETTI%20AC240P%20(2).jpg; https://cdn.prod.website-files.com/64952d55b431e096dc273e8a/66e11d483ce5e024a67226af_BLUETTI%20AC240P.jpg; https://cdn.prod.website-files.com/64952d55b431e096dc273e8a/66e11d4a72eb6398cf8acd1c_BLUETTI%20AC240P%20(3).jpg,"$2,399.00","$2,999.00",standard-exempt,,,true,,,,,,,,,,,,,Mon Sep 02 2024 05:41:00 GMT+0000 (Coordinated Universal Time),Wed Dec 04 2024 08:09:50 GMT+0000 (Coordinated Universal Time),Wed Dec 04 2024 08:12:43 GMT+0000 (Coordinated Universal Time)
66b07080ac7c66892578314c,66d54f694ec87ce9c3b8020d,66b07080ac7c668925783150,66d54f777a1eac7428305ebc,bluetti-ac500-inverter-module-generator,BLUETTI AC500 Inverter Module Generator,Physical,"5,000W (B300s/B500 Required) | Compatible with B300S and B300 batteries for an expandable power system, AC500 will definitely shift the way you harness the solar energy. It's designed to help you go through power outages, stay connected to unlimited energy wherever you are heading.",Portable Solar;BLUETTI B300S,https://cdn.prod.website-files.com/64952d55b431e096dc273e8a/66d54f331f36b3d864af2af8_AC500.jpg,https://cdn.prod.website-files.com/64952d55b431e096dc273e8a/66d54f40295840a5f3f6bc84_AC500%203.jpg; https://cdn.prod.website-files.com/64952d55b431e096dc273e8a/66d54f40516e9b8c6ebc1068_AC500%204.jpg; https://cdn.prod.website-files.com/64952d55b431e096dc273e8a/66d54f401f36b3d864af34aa_AC500%202.jpg,"$3,399.00",,standard-exempt,,,true,30000,32.51,35.81,52.07,,,,,,,,,Mon Sep 02 2024 05:38:49 GMT+0000 (Coordinated Universal Time),Thu Nov 21 2024 08:19:42 GMT+0000 (Coordinated Universal Time),
66b07080ac7c66892578314c,66d54ef61f36b3d864aef056,66b07080ac7c668925783150,66d54ef60fc3cf99a3d4ab21,bluetti-b300s-expansion-battery,BLUETTI B300S Expansion Battery,Physical,"IMPORTANT INFO:
This expansion battery ONLY works with the AC500 + B300S Package. The AC500 can pair up to 6x B300S Batteries. If you are planning to add this extra battery to the current combo, you can only select up to 5. Speak with AusPac Solar to learn more. Book an appointment via our website if you have a custom job you'd like to have clarity on before buying. This expansion battery is perfect for adding more power to the AC500 combo and is perfect for backing up a home, campsite or workers' accommodation quarters. Speak with an AusPac Solar engineer to get any advice on output before making a purchase, should you require consultation. Our engineers are here to help and guide you to make the right purchase. ",Portable Solar;Whole Home Energy;BLUETTI AC500 Inverter Module Generator;BLUETTI EP760;batteries;all-products;discontinued,https://cdn.prod.website-files.com/64952d55b431e096dc273e8a/66d54dd3b9ecb2670ba1ee24_B300s.jpg,https://cdn.prod.website-files.com/64952d55b431e096dc273e8a/66d54e69b07c68764a4ccdcc_B300s%201.jpg; https://cdn.prod.website-files.com/64952d55b431e096dc273e8a/66d54e6922391884c67a4abe_B300s%202.jpg; https://cdn.prod.website-files.com/64952d55b431e096dc273e8a/66d54e69de186d5b7fbc34f8_B300s%203.jpg,"$2,479.00","$3,099.00",standard-exempt,,0,true,38000,32,26.41,52.07,,,,,,,,,Mon Sep 02 2024 05:36:54 GMT+0000 (Coordinated Universal Time),Thu Dec 05 2024 01:23:52 GMT+0000 (Coordinated Universal Time),Thu Dec 05 2024 01:26:20 GMT+0000 (Coordinated Universal Time)
66b07080ac7c66892578314c,66bec27dac363f8dbf99db51,66b07080ac7c668925783150,66bec27e65d8fde88cc95dd9,solar-for-business-e-book,Solar for Business E-book ,Digital,"The Solar For Business E-book is your one-stop resource for everything regarding Solar for Commercial and Business-related projects. If you own a business or you're a landlord of a commercial property and you're considering Solar, then this E-book is for you. By the end of this book, you will understand the system types available to you, the types of businesses that would suit certain systems and the ways you can acquire the most suitable solar systems for your business. ",Commercial E-Books ,https://cdn.prod.website-files.com/64952d55b431e096dc273e8a/66d9440616bfb4f4d2870882_3.jpg,https://cdn.prod.website-files.com/64952d55b431e096dc273e8a/66d943fb0996182ebc4e357d_2.jpg; https://cdn.prod.website-files.com/64952d55b431e096dc273e8a/66d943ecb52a1887e02d2d54_4.jpg; https://cdn.prod.website-files.com/64952d55b431e096dc273e8a/66d94402c40826ea67704724_5.jpg,$10.00,,standard-exempt,,,false,,,,,Solar For Business E-book ,https://auspacsolar-my.sharepoint.com/:b:/g/personal/sean_nicoll_auspacsolar_com_au/Ecqc5ywEFYJFq3HGE1z6I70BrOlnYGEnYnJFlZA8nYz5pg?e=NlPmzN,,,,,,,Fri Aug 16 2024 03:07:41 GMT+0000 (Coordinated Universal Time),Thu Nov 21 2024 08:03:15 GMT+0000 (Coordinated Universal Time),
